醫師代碼,午別2,weekday,實際看診人數,max_waiting,min_waiting
74437,0,5,61,219.01666666666668,-40.6
85136,0,5,18,176.11666666666667,-35.166666666666664
88091,0,5,2,148.03333333333333,3.683333333333333
89006,0,5,23,198.21666666666667,-14.1
90049,0,5,33,179.65,-9.883333333333333
91028,0,5,24,168.23333333333332,-16.4
92008,0,5,40,213.5,-17.966666666666665
93050,0,5,29,217.11666666666667,-14.5
